beta,gamma,R0_beta_over_gamma,N_eff
0.3288396443607881,0.065299253701926,5.035886717202849,68809.28000184208
